{"cameraMode":{"drawMode":0,"name":"Shaded","section":"Shading Mode"},"sceneLighting":false,"audioPlay":false,"sceneViewState":{"m_AlwaysRefresh":false,"showFog":true,"showSkybox":true,"showFlares":true,"showImageEffects":true,"showParticleSystems":true,"showVisualEffectGraphs":true,"m_FxEnabled":false},"in2DMode":false,"pivot":{"x":2.5644469261169435,"y":3.2919974327087404,"z":52.921234130859378},"rotation":{"x":0.009309452027082444,"y":-0.00418963935226202,"z":0.00012781890109181404,"w":0.9998735189437866},"size":43.91398620605469,"orthographic":false}