{"cameraMode":{"drawMode":0,"name":"Shaded","section":"Shading Mode"},"sceneLighting":false,"audioPlay":false,"sceneViewState":{"m_AlwaysRefresh":false,"showFog":true,"showSkybox":true,"showFlares":true,"showImageEffects":true,"showParticleSystems":true,"showVisualEffectGraphs":true,"m_FxEnabled":false},"in2DMode":false,"pivot":{"x":2.1422481536865236,"y":2.714085578918457,"z":52.78269958496094},"rotation":{"x":0.03479770943522453,"y":-0.011679669842123986,"z":0.0004955129697918892,"w":0.9992518424987793},"size":43.91398620605469,"orthographic":false}